lat;lng;uf
-22.53932648243117;-52.05187784488657;PR
-22.541696228398184;-52.01265110886156;PR
-22.563456435965662;-51.96087482111607;PR
-22.567342750967118;-51.94051262675628;PR
-22.62821623159374;-51.87366299105415;PR
-22.632226024411434;-51.84709611399445;PR
-22.614126911028038;-51.77162057872667;PR
-22.628614387543905;-51.73303663223473;PR
-22.661464441031093;-51.725867430237685;PR
-22.669368568104925;-51.6991708754355;PR
-22.657244238330815;-51.66235052825424;PR
-22.662593440035245;-51.61584220195599;PR
-22.686462681907166;-51.58917972426481;PR
-22.697179345150648;-51.55956915828999;PR
-22.686797704550393;-51.52574119639904;PR
-22.692027956524935;-51.50832182659103;PR
-22.67921742244607;-51.47495106833706;PR
-22.655750534559477;-51.45309608481646;PR
-22.653510808077243;-51.42472559670888;PR
-22.66790549524242;-51.40201628602273;PR
-22.658132862941244;-51.373649237822;PR
-22.67449023773422;-51.30649496756868;PR
-22.66769740561076;-51.26519985648817;PR
-22.68957623375613;-51.24287980385981;PR
-22.71601718594431;-51.228335958737446;PR
-22.729892067664753;-51.18701527633392;PR
-22.748962850854898;-51.1644127988116;PR
-22.75999210495167;-51.12792315303099;PR
-22.766057092360853;-51.057615008026175;PR
-22.793821426617495;-51.00554855761986;PR
-22.782100338459838;-50.97592789675497;PR
-22.80393229034287;-50.94563639290517;PR
-22.794300162722298;-50.895333390723366;PR
-22.831398474160245;-50.84238713445866;PR
-22.859169246663356;-50.83292021229789;PR
-22.888552352509038;-50.797817056711764;PR
-22.9051172629513;-50.79313808195692;PR
-22.94029933404702;-50.80614622946487;PR
-22.95117936723394;-50.79593503107678;PR
-22.947654255939163;-50.758662985907975;PR
-22.96249857085226;-50.7295267790376;PR
-22.953442198198857;-50.70983876954352;PR
-22.906197149079105;-50.68208288171959;PR
-22.895669204969813;-50.66354613664486;PR
-22.923178532862963;-50.60380838554848;PR
-22.905271902276375;-50.58099395850431;PR
-22.912128920812997;-50.54049350277288;PR
-22.944638844407137;-50.51101918588661;PR
-22.936934536799434;-50.48273945016544;PR
-22.945201243542485;-50.45942502794268;PR
-22.94418555012298;-50.42571260195497;PR
-22.912771656386738;-50.416426447122774;PR
-22.905405571210075;-50.37907459881369;PR
-22.91605881516214;-50.359249489472305;PR
-22.948072768943057;-50.34018659693385;PR
-22.951265709345;-50.32331336921659;PR
-22.93160323789904;-50.27556904617445;PR
-22.937798408469718;-50.24761114633728;PR
-22.95097776711023;-50.243248311160585;PR
-22.954004090116563;-50.18508212444044;PR
-22.935618425749688;-50.15299307097341;PR
-22.93979123687601;-50.1154097722431;PR
-22.92250472391388;-50.09282580906381;PR
-22.928123651185523;-50.071549789291254;PR
-22.905268515429576;-50.05273936073283;PR
-22.911250487320117;-50.01463398576978;PR
-22.89750476353398;-49.98616492477137;PR
-22.914140698834146;-49.96574420253286;PR
-22.93086299692972;-49.96137770261886;PR
-22.956514829096037;-49.97393899318995;PR
-22.978420489413985;-49.95450191613052;PR
-22.982462849380923;-49.93264111489551;PR
-22.999311802597553;-49.901670169642586;PR
-23.036420732330896;-49.91627269103181;PR
-23.051118642111618;-49.9116021986825;PR
-23.0716918542956;-49.867415280690636;PR
-23.065942950706606;-49.83365890303591;PR
-23.103345549557417;-49.789179060565154;PR
-23.097757410576;-49.751381968702844;PR
-23.109438145254167;-49.725550952014814;PR
-23.143093801537646;-49.72813016177756;PR
-23.17494258493231;-49.677707990431344;PR
-23.21203697622542;-49.65375156198493;PR
-23.28665012100619;-49.62580288739329;PR
-23.299475698045;-49.630880289693586;PR
-23.354653409727042;-49.611806651156016;PR
-23.367091447312433;-49.59541211457739;PR
-23.38441587659141;-49.60506429797891;PR
-23.40847382680562;-49.602518703974965;PR
-23.428954765849717;-49.581789975626776;PR
-23.452525040698056;-49.603260771467404;PR
-23.47842363604191;-49.60328941397523;PR
-23.493325209890465;-49.621379339884555;PR
-23.523303044599814;-49.62421689249557;PR
-23.53562438435781;-49.60020622233928;PR
-23.566787319579106;-49.60789471267087;PR
-23.583973603099246;-49.60284861487162;PR
-23.611113667561632;-49.62095832226876;PR
-23.652116067302615;-49.602133843601976;PR
-23.65887549051142;-49.58530734645684;PR
-23.678328486470463;-49.57987606632737;PR
-23.70401646059119;-49.54919910945129;PR
-23.73677860444902;-49.56732363857504;PR
-23.81193071652929;-49.560068938930286;PR
-23.82704728410485;-49.572678495216344;PR
-23.84062243617646;-49.6076198348874;PR
-23.88887988899566;-49.587041931839636;PR
-23.921263527090048;-49.55701046066417;PR
-23.925899799336165;-49.5116045907792;PR
-23.99337862502348;-49.492269897937405;PR
-24.027435777339207;-49.46344307044133;PR
-24.049485219467257;-49.457540139965445;PR
-24.06870875520481;-49.4297862009723;PR
-24.085601332735294;-49.43184383362598;PR
-24.10689243863513;-49.40870824968598;PR
-24.137581853819462;-49.33656625752677;PR
-24.204275215228982;-49.342817953185964;PR
-24.220800431394757;-49.35067724725715;PR
-24.251430972461336;-49.30537406735927;PR
-24.276303879320558;-49.30123497451444;PR
-24.302598895822356;-49.286900309901355;PR
-24.31936431910801;-49.25043659607201;PR
-24.332175213815027;-49.24470221833269;PR
-24.345106569112794;-49.20111183234515;PR
-24.392717698063258;-49.24767589322781;PR
-24.40447284624478;-49.237850278267665;PR
-24.434152310180977;-49.25266214833946;PR
-24.455744820267128;-49.25354982146709;PR
-24.492743727840733;-49.272874611873824;PR
-24.50030991127332;-49.29567407869578;PR
-24.53592531620034;-49.279905463965996;PR
-24.555508879331306;-49.315989362618964;PR
-24.596948681436487;-49.30359706635151;PR
-24.632066404241158;-49.314071247190256;PR
-24.65495734020906;-49.299625316654996;PR
-24.663532670896025;-49.31201543476445;PR
-24.69302152622243;-49.278132821072816;PR
-24.695921454011888;-49.20434252808515;PR
-24.672750351347567;-49.18565087928458;PR
-24.675559871191098;-49.13482333762683;PR
-24.6883523091117;-49.11159463788225;PR
-24.673416474690455;-49.074674876044654;PR
-24.682379333139657;-49.05420774698988;PR
-24.66041970900234;-49.03739973001352;PR
-24.65437107486523;-49.01030569465202;PR
-24.674168589408872;-48.962202069969536;PR
-24.664976807633508;-48.840400884992825;PR
-24.6552958810001;-48.82283701661499;PR
-24.674142590907827;-48.81192393873877;PR
-24.68118936639611;-48.78820674794302;PR
-24.69568792166021;-48.77712193283091;PR
-24.693249725594363;-48.744749809655936;PR
-24.68038205308924;-48.70381202080803;PR
-24.67930195112413;-48.671473225608814;PR
-24.701792470246218;-48.675008922823466;PR
-24.668673218194435;-48.61661971592713;PR
-24.66910257252563;-48.60116827499586;PR
-24.690638552127403;-48.572202809811785;PR
-24.706237449498623;-48.56472926014724;PR
-24.745975736990594;-48.501896833072365;PR
-24.78104820680928;-48.5183099586376;PR
-24.80620379846647;-48.55575397846333;PR
-24.848766385260433;-48.567748687152196;PR
-24.86749633528764;-48.549730091870146;PR
-24.924731112151072;-48.57158920058107;PR
-24.972266873417446;-48.567370899947036;PR
-24.98591905691891;-48.58659642498496;PR
-25.010505666403347;-48.60083133319944;PR
-25.019705699458456;-48.58886947224826;PR
-25.053127411500803;-48.57963284937646;PR
-25.063972537502494;-48.55793853873254;PR
-25.08655256255063;-48.55600785797621;PR
-25.100819829271657;-48.53022157356678;PR
-25.03698819335036;-48.48088236313049;PR
-25.0125523893812;-48.474049300734585;PR
-24.98039962794043;-48.41186815908823;PR
-24.995906829536494;-48.379949577510956;PR
-25.01996216092492;-48.35474836864225;PR
-25.036489086701906;-48.35122774856171;PR
-25.04412409525076;-48.30724799479909;PR
-25.03919228149853;-48.28462769181451;PR
-24.997534797592763;-48.269585776961975;PR
-24.978711800109508;-48.24932455488427;PR
-25.040804044670878;-48.21525489209953;PR
-25.076671561043668;-48.216054291372444;PR
-25.133835750119758;-48.18164150575089;PR
-25.149906970530232;-48.158502085302885;PR
-25.182058440544573;-48.17839463750249;PR
-25.20499879695692;-48.18252033584483;PR
-25.210933415044984;-48.16146303479115;PR
-25.22812743903002;-48.1512382215666;PR
-25.25087052735286;-48.112999599451925;PR
-25.24125341930987;-48.098582102781805;PR
-25.240085182884847;-48.06210608622686;PR
-25.21846778855754;-48.0322503209955;PR
-25.230931713128022;-48.0235374345049;PR
-25.297154687738605;-48.096750540804784;PR
-25.316358181185045;-48.0998240161654;PR
-25.34839051351132;-48.1385581575329;PR
-25.38071344287105;-48.16708085679607;PR
-25.421225947719293;-48.194774580782195;PR
-25.456959019942758;-48.206776094641;PR
-25.476623317911738;-48.2279138850178;PR
-25.475736843580464;-48.2640946946144;PR
-25.489209819177766;-48.28704416655499;PR
-25.51404967954904;-48.27691292239343;PR
-25.546373297789458;-48.28989995292042;PR
-25.58656607746248;-48.31993235939083;PR
-25.585945070408606;-48.35852731358464;PR
-25.59809519543692;-48.38509490470602;PR
-25.619505114369495;-48.41058669172241;PR
-25.654802787018966;-48.43936252316186;PR
-25.752070709395667;-48.50047770018569;PR
-25.80170814851219;-48.526256258519524;PR
-25.844224890566146;-48.53761440907765;PR
-25.86010474513789;-48.56531899147821;PR
-25.892725261961267;-48.56156834370407;PR
-25.98080596842069;-48.60138344229202;PR
-25.977747482060607;-48.63406207240664;PR
-25.95584182174266;-48.644369622360124;PR
-25.983671319076016;-48.68203231593864;PR
-25.980799832346378;-48.96047839516176;PR
-26.009305450785853;-48.99425182036519;PR
-26.015747381836135;-49.020160939575625;PR
-26.004533333246677;-49.043010968980944;PR
-26.020952678523244;-49.05463912569508;PR
-26.001104032125298;-49.073762009309206;PR
-26.010128629032934;-49.09150352976408;PR
-25.996105056103453;-49.12558088355088;PR
-26.013489807408646;-49.13857909804692;PR
-26.000701210492444;-49.16750213861277;PR
-26.02994337908364;-49.22639720696547;PR
-26.03036946168129;-49.23708218799255;PR
-26.076883219884593;-49.267572722603006;PR
-26.07842662468891;-49.28657660792405;PR
-26.111285844965735;-49.30024725810445;PR
-26.10997994301995;-49.32170419988887;PR
-26.1566612152428;-49.38071067895467;PR
-26.155705738628882;-49.41769171969706;PR
-26.170533831571014;-49.43679098711427;PR
-26.161957875855222;-49.45236293090452;PR
-26.183604209466658;-49.48479718284367;PR
-26.214445882571397;-49.491212133333235;PR
-26.22128544616635;-49.522463655373386;PR
-26.21434701830023;-49.54191159264581;PR
-26.233373239183642;-49.549846064644086;PR
-26.22990234351827;-49.58300856149587;PR
-26.214677710707733;-49.60328540479753;PR
-26.21585203734162;-49.62211200856228;PR
-26.186854172282146;-49.65398571666742;PR
-26.189785945065267;-49.67283968950008;PR
-26.15468056725434;-49.71276534264642;PR
-26.17143603414562;-49.727533038019295;PR
-26.140361370980386;-49.74807828668351;PR
-26.124612222975635;-49.74856815729461;PR
-26.11853885028767;-49.77999009546646;PR
-26.09392709755744;-49.824179894886214;PR
-26.075173541225944;-49.82820927493806;PR
-26.054731908850435;-49.86381128536251;PR
-26.033469717953082;-49.86943942079266;PR
-26.026229867914047;-49.90565018231002;PR
-26.030203930666794;-49.93083903719183;PR
-26.009001820777343;-49.94429822258486;PR
-26.01757537170601;-49.96954597316805;PR
-26.013328245102358;-50.01094001506961;PR
-26.027624063499694;-50.039190246732474;PR
-26.041576876871318;-50.08916962607739;PR
-26.05741039387452;-50.105607779775184;PR
-26.050784856336;-50.124236563266706;PR
-26.026583422886638;-50.14016319067863;PR
-26.077793975011907;-50.18315134745664;PR
-26.064946771076556;-50.19345427039819;PR
-26.038421848289637;-50.25518505044968;PR
-26.054735998967125;-50.29879222048453;PR
-26.085374767931178;-50.33201268403807;PR
-26.133949684130585;-50.32170255213109;PR
-26.1346664734789;-50.333899302510716;PR
-26.11240734632196;-50.3674288648502;PR
-26.07919170313457;-50.37168707379938;PR
-26.058523573803825;-50.40807735168838;PR
-26.062987373168717;-50.42953813627594;PR
-26.02634771507497;-50.460891280807935;PR
-26.026129671746865;-50.51330374447221;PR
-26.038262656596295;-50.550868760884555;PR
-26.001952832057505;-50.57023061055415;PR
-26.02714959557732;-50.59315483492769;PR
-26.04760072749159;-50.586288360019736;PR
-26.041274931292996;-50.565278563854605;PR
-26.059378097021522;-50.553528728867676;PR
-26.07039594681546;-50.59480108440247;PR
-26.06213389496319;-50.62576960778114;PR
-26.100810198232026;-50.6561578669919;PR
-26.132499605572285;-50.650182627426275;PR
-26.148352158525284;-50.67882136081708;PR
-26.188537794883302;-50.703993937070486;PR
-26.20338221951379;-50.72987253419002;PR
-26.244579673213273;-50.715617688005864;PR
-26.246772863376883;-50.74592959027834;PR
-26.222043543174983;-50.76265837428447;PR
-26.231286866895374;-50.79993923011135;PR
-26.266383148963122;-50.84687301937428;PR
-26.245891774185942;-50.87324432356664;PR
-26.279265758308007;-50.88196187843786;PR
-26.283687040424518;-50.90928652335437;PR
-26.249437536612994;-50.90949891174533;PR
-26.23449184472277;-50.93251285878141;PR
-26.24383853741849;-50.94356426048219;PR
-26.27558805454506;-50.93480817685585;PR
-26.261335565483932;-50.97130742739576;PR
-26.246196026525354;-50.97304268906878;PR
-26.23034436030393;-51.00107485312189;PR
-26.2439016824167;-51.056845680283864;PR
-26.23123731514991;-51.077374050472045;PR
-26.272673612597103;-51.10180815022594;PR
-26.27877458368002;-51.1484030002982;PR
-26.30179857254604;-51.19233582293979;PR
-26.29630125160145;-51.20719777985364;PR
-26.32395217775074;-51.227273409740036;PR
-26.329866407308828;-51.24795121397726;PR
-26.364591227103368;-51.26002499735567;PR
-26.376347405908035;-51.25326235367463;PR
-26.404211925539876;-51.29169504948695;PR
-26.434120708503833;-51.29287639892664;PR
-26.462050985664426;-51.25319690731136;PR
-26.49830416730343;-51.27317435191475;PR
-26.5545769627566;-51.22806084083511;PR
-26.595731734631784;-51.227998045673246;PR
-26.624671730116262;-51.23614091936786;PR
-26.62732799559042;-51.25366654767299;PR
-26.655912150924927;-51.294489707134204;PR
-26.648593131767612;-51.34703250864335;PR
-26.663247441516134;-51.39112971656313;PR
-26.700619958943903;-51.4073176312037;PR
-26.688178098340515;-51.43534600551364;PR
-26.640658226296082;-51.45488299185657;PR
-26.587416216285263;-51.49542970781467;PR
-26.581061158845415;-51.51090549609168;PR
-26.59179788056769;-51.53560736358885;PR
-26.58406001835511;-51.596989783151884;PR
-26.587244415197596;-51.63247922003998;PR
-26.565412441730757;-51.65845093925941;PR
-26.58050724571281;-51.6926869370525;PR
-26.57299326073032;-51.7376358335268;PR
-26.58805186070476;-51.78393693174395;PR
-26.578600450950013;-51.82056154687785;PR
-26.594197561368333;-51.846387220693686;PR
-26.59758134690162;-51.877922630824656;PR
-26.579283593063295;-51.90029173247741;PR
-26.58436847952168;-51.92833189959745;PR
-26.56956021842931;-51.948034709234335;PR
-26.566560602589682;-52.00876753769167;PR
-26.539759757007126;-52.034311193107044;PR
-26.525111014061984;-52.08135391185354;PR
-26.474963367964975;-52.11163252661975;PR
-26.47720587694961;-52.1295515013007;PR
-26.46498056679971;-52.16669461606361;PR
-26.445116680490386;-52.18634301042154;PR
-26.467043114248277;-52.2298118053705;PR
-26.454457809979857;-52.26215265372194;PR
-26.461236523646598;-52.27696425669504;PR
-26.440697438935644;-52.3043555638582;PR
-26.43864075057016;-52.3796225202631;PR
-26.428227287459322;-52.40308939196184;PR
-26.440203303739416;-52.43330655875067;PR
-26.439603572846558;-52.463605600717884;PR
-26.39918018991385;-52.524229305438055;PR
-26.411570361982534;-52.55283056138123;PR
-26.416062446824412;-52.59583217561439;PR
-26.395509017926727;-52.62110270692431;PR
-26.373870772817874;-52.65977392542632;PR
-26.352731073180408;-52.68018652139078;PR
-26.357408354511897;-52.71731748001767;PR
-26.342184961866487;-52.73776323668396;PR
-26.34788849735625;-52.775391333343286;PR
-26.34440653553311;-52.846928539520405;PR
-26.35815732340174;-52.86633192887538;PR
-26.362286494925733;-52.9504202938614;PR
-26.34768410573689;-52.9934906873453;PR
-26.3811983040584;-53.046073679556585;PR
-26.39202213321483;-53.09322795740424;PR
-26.37225678652144;-53.12722388477441;PR
-26.345059639390776;-53.1437254136969;PR
-26.344505437575847;-53.18274749460115;PR
-26.289344721281836;-53.264399783223425;PR
-26.262410796720864;-53.26838514865558;PR
-26.245775202263694;-53.28356928409515;PR
-26.258444031067135;-53.30444719827956;PR
-26.24161402117013;-53.37607191388767;PR
-26.253807328045696;-53.399404120203926;PR
-26.27971574038903;-53.424026762824745;PR
-26.28970241853179;-53.4724458085272;PR
-26.302798865974836;-53.49583471170248;PR
-26.287083038751156;-53.557265037251625;PR
-26.272300727596452;-53.58227325250858;PR
-26.259073397319405;-53.58432957125266;PR
-26.257847911851634;-53.62911011194201;PR
-26.235971332910644;-53.65316832475833;PR
-26.215161163756612;-53.641337224333384;PR
-26.164729304913465;-53.67937320670804;PR
-26.152977315150892;-53.70024195230425;PR
-26.132740658054885;-53.71020416708856;PR
-26.117862546619136;-53.73923882880887;PR
-26.083893287745006;-53.739422097152044;PR
-26.063826215807183;-53.72690203779878;PR
-26.04308220977613;-53.734725247472184;PR
-26.030826485453893;-53.77113655870514;PR
-26.007553081309574;-53.78144128208951;PR
-25.989757204031733;-53.8173878497694;PR
-25.971940946317623;-53.83601906053113;PR
-25.932374819642185;-53.841413526013355;PR
-25.92613098405762;-53.81952234118306;PR
-25.878184056349113;-53.83958415928148;PR
-25.85095126638781;-53.83461411804709;PR
-25.8360042740779;-53.84942200771941;PR
-25.801636370022457;-53.82323826163645;PR
-25.77483334448325;-53.836551146218376;PR
-25.742373151599594;-53.86579674662245;PR
-25.706187309396753;-53.85082221797089;PR
-25.65934708020356;-53.86163700894076;PR
-25.62096280029293;-53.93985877336365;PR
-25.64728264437845;-53.95143750423739;PR
-25.600227917884098;-53.97074791268593;PR
-25.569387058665733;-54.00834103381159;PR
-25.56804114768076;-54.02945437881644;PR
-25.585371523277132;-54.04988631200365;PR
-25.562704608430884;-54.083174271475386;PR
-25.607028877180888;-54.08899395530676;PR
-25.616785134626284;-54.10250572046256;PR
-25.580298074396566;-54.12148811288609;PR
-25.55982820061095;-54.12349158656745;PR
-25.509601333234897;-54.09272884516006;PR
-25.498189983281037;-54.11393966498353;PR
-25.54110445410722;-54.1610522088923;PR
-25.535087854720693;-54.187083780691864;PR
-25.552392122998;-54.20852386198656;PR
-25.565834264439722;-54.180363193806286;PR
-25.58205637040509;-54.19971680118938;PR
-25.56293021685598;-54.22947156176313;PR
-25.58465155572471;-54.23383279524725;PR
-25.59725385628044;-54.250131009038796;PR
-25.559371768592193;-54.27749734382731;PR
-25.556151861119453;-54.290109002728244;PR
-25.57460202216552;-54.32994433156567;PR
-25.605380561064045;-54.342750572281005;PR
-25.59431726403045;-54.37061208368068;PR
-25.59877355495552;-54.38602575218668;PR
-25.639577785486395;-54.39797614768101;PR
-25.658621423539827;-54.42538860240201;PR
-25.68469788499938;-54.422970776879815;PR
-25.69130315451686;-54.4383621035282;PR
-25.6589794679281;-54.44782811467566;PR
-25.614573325798283;-54.49888731000131;PR
-25.628419341079706;-54.52433567415194;PR
-25.589352341737154;-54.54902929486603;PR
-25.59236229168635;-54.59372657811906;PR
-25.536605295198143;-54.59449746438641;PR
-25.484624809187515;-54.6009755373911;PR
-25.45409925497659;-54.61930463799861;PR
-25.44134884507305;-54.60311581324409;PR
-25.39763855697381;-54.58741564501593;PR
-25.3677380909401;-54.564914573248956;PR
-25.349327089073846;-54.54185608548994;PR
-25.298875225711058;-54.5007453273349;PR
-25.23316958251018;-54.48185799415104;PR
-25.194513775690147;-54.46388654942463;PR
-25.159468245962685;-54.430307798665936;PR
-25.13160494491226;-54.43345183303559;PR
-25.104087710179577;-54.45886528820243;PR
-25.06406542667805;-54.46156256366133;PR
-25.026854137008797;-54.45663370867869;PR
-24.990190669363827;-54.44261015733284;PR
-24.94914984518916;-54.4419415311767;PR
-24.88294243064861;-54.415686585767304;PR
-24.842552684158953;-54.409417685178;PR
-24.76828707159106;-54.38222061808696;PR
-24.743213282267135;-54.357885956371746;PR
-24.718255798666128;-54.35119458935874;PR
-24.66267948317155;-54.32541047950993;PR
-24.590624392501724;-54.31753058826597;PR
-24.530245539000404;-54.33593372556092;PR
-24.500550879219624;-54.3370989285726;PR
-24.45851556404199;-54.32305234738791;PR
-24.410823488912875;-54.28408576994229;PR
-24.367623156883184;-54.2603277733081;PR
-24.350608040428632;-54.258562476077394;PR
-24.290037014396624;-54.2783200310445;PR
-24.250896312914477;-54.32283994460774;PR
-24.21436947207342;-54.323323725009885;PR
-24.1631540375288;-54.342884136893346;PR
-24.12229829473049;-54.337401123263206;PR
-24.09818852737859;-54.30664577788032;PR
-24.068900612073513;-54.285865633492165;PR
-24.05590179143453;-54.24946393511248;PR
-24.03599059808763;-54.21719490661963;PR
-24.00197275064184;-54.174686714420275;PR
-23.988402818235464;-54.14025633716018;PR
-23.951963548878602;-54.10176498846336;PR
-23.891253248438588;-54.080457986147074;PR
-23.844530311524665;-54.088105301918105;PR
-23.764484863185807;-54.075709274363454;PR
-23.730602510297544;-54.05492714337295;PR
-23.668655873169925;-54.04460817832474;PR
-23.646063955487094;-54.03085920528804;PR
-23.58607836652333;-54.02401779988149;PR
-23.544746247441267;-54.00734827220498;PR
-23.511079979157707;-54.00434246093576;PR
-23.46661487117933;-53.98737853659016;PR
-23.443414904774016;-53.960197579054935;PR
-23.445948751833384;-53.932055049301056;PR
-23.41978840521066;-53.876594354246016;PR
-23.385644851428687;-53.81602180206449;PR
-23.37533795798028;-53.77596139989865;PR
-23.31043340477774;-53.72522090542041;PR
-23.263252445843683;-53.70559672800648;PR
-23.234904327472655;-53.699341038458066;PR
-23.184260907614757;-53.66936326849994;PR
-23.144160088117566;-53.65475459215062;PR
-23.12503077614933;-53.63658872838707;PR
-23.013504758337916;-53.62989581543947;PR
-22.998495487077037;-53.6341250608228;PR
-22.951333468764496;-53.607423503092136;PR
-22.928491310225716;-53.570771231107386;PR
-22.890096237551248;-53.546826942609314;PR
-22.863854220795552;-53.48476120286716;PR
-22.832955352607385;-53.429650749682295;PR
-22.811387418294643;-53.40798116230075;PR
-22.804434817113112;-53.379785470023336;PR
-22.78358826768438;-53.363809137081944;PR
-22.765210666638897;-53.32908641810364;PR
-22.731423797470235;-53.23093840388416;PR
-22.731260309715434;-53.20672076645015;PR
-22.718733738371228;-53.18536640223759;PR
-22.678081312502524;-53.147608422790455;PR
-22.62260016146826;-53.10625966175391;PR
-22.6448489266366;-53.09150397412908;PR
-22.63262273515107;-53.05579790135202;PR
-22.60841137408564;-53.030807025923494;PR
-22.570484747473113;-52.97242498032848;PR
-22.565623982860433;-52.92474261877678;PR
-22.572207290933694;-52.905362502077786;PR
-22.608001008939333;-52.85836280330066;PR
-22.597043166408998;-52.81543966480869;PR
-22.61236886413171;-52.75030181217882;PR
-22.62524230938507;-52.72690425932407;PR
-22.62700657419398;-52.697105379809386;PR
-22.611917584329028;-52.66303732231451;PR
-22.57447157880032;-52.61135738973171;PR
-22.566096593682822;-52.589344442092255;PR
-22.611743467486928;-52.54537719520134;PR
-22.634229972934822;-52.49882355566247;PR
-22.61062070528132;-52.45504767461047;PR
-22.607166482147395;-52.433045838994225;PR
-22.62654484516848;-52.38049079141683;PR
-22.635444963314328;-52.30043558903115;PR
-22.620390234021976;-52.27869467372018;PR
-22.61542638911655;-52.25041311237518;PR
-22.642516918920602;-52.228098636442894;PR
-22.67553490820941;-52.22257722805657;PR
-22.66091382481314;-52.20106752844365;PR
-22.644718933232117;-52.15667798240296;PR
-22.58945086126815;-52.16096540762741;PR
-22.54925352922696;-52.14876193571477;PR
-22.519923031922357;-52.127602244148214;PR
-22.521249907856905;-52.089617366648106;PR
-22.53932648243117;-52.05187784488657;PR
-25.96873017955403;-48.63864664982299;SC
-25.990397969190838;-48.59874704014368;SC
-26.055276020272004;-48.60887184605883;SC
-26.123835123292224;-48.59777509244651;SC
-26.162432601882927;-48.58221976542973;SC
-26.16798299901609;-48.523975999592665;SC
-26.204126287997667;-48.526779261053946;SC
-26.23912818172016;-48.506079183307634;SC
-26.297070530780275;-48.539178289646316;SC
-26.361564049741048;-48.56462230827282;SC
-26.40526999951078;-48.5911700000953;SC
-26.453444572608817;-48.5933412396065;SC
-26.51024642393321;-48.6325590984236;SC
-26.602484599084903;-48.67275252830643;SC
-26.669643934319993;-48.68691271544935;SC
-26.76567821527732;-48.66900406138831;SC
-26.789776125967364;-48.61658708942258;SC
-26.826709745458288;-48.60583996794014;SC
-26.846915078268125;-48.63251332562942;SC
-26.909908019039733;-48.643293949556096;SC
-26.928252812816936;-48.62618964463633;SC
-26.983143448311466;-48.63343109366997;SC
-27.004182313263073;-48.615036469357506;SC
-27.004299538992427;-48.58174440268198;SC
-27.08018778663694;-48.591304559357866;SC
-27.10718957403958;-48.61162690925437;SC
-27.144538563403955;-48.584817761130694;SC
-27.15656927375295;-48.54901861571648;SC
-27.126965169406958;-48.52526986771011;SC
-27.148297657610783;-48.488719896306065;SC
-27.18574037072142;-48.499413519818006;SC
-27.182595147447955;-48.54237273641263;SC
-27.219353998987742;-48.606099999715184;SC
-27.262093999538365;-48.61663699999747;SC
-27.30774199929374;-48.602109000030225;SC
-27.31981573770605;-48.58450008730915;SC
-27.306988564370727;-48.537976494119846;SC
-27.34394995132908;-48.52575064887327;SC
-27.358147355116216;-48.5368354271132;SC
-27.408262039261558;-48.526270411150506;SC
-27.378282945501496;-48.48347229910729;SC
-27.380419523342255;-48.41674459258877;SC
-27.42632606829335;-48.398887146824336;SC
-27.44371523077325;-48.37043987819777;SC
-27.48187492298922;-48.37765716784395;SC
-27.50400575466182;-48.40364504428328;SC
-27.5493098680559;-48.427845401244156;SC
-27.583874229012395;-48.419562896110676;SC
-27.63634066638855;-48.45609252664866;SC
-27.741810248444153;-48.50760510888864;SC
-27.762806235519236;-48.47757531315011;SC
-27.794323176273508;-48.49418283886689;SC
-27.782256784422998;-48.520760023056596;SC
-27.83033328735121;-48.544764129061264;SC
-27.85356171909791;-48.598003748674046;SC
-27.885898584352105;-48.57301930159946;SC
-27.94630149741613;-48.62183927945915;SC
-28.008271683291525;-48.6302541800863;SC
-28.0288137762347;-48.60100362082039;SC
-28.085963169664467;-48.631634594460934;SC
-28.143095999380762;-48.64033600020622;SC
-28.155894999654436;-48.65363800029343;SC
-28.217696998817416;-48.666583000105334;SC
-28.234263469583368;-48.64533114961284;SC
-28.258417239863604;-48.677622439923596;SC
-28.297258549842127;-48.70078256456367;SC
-28.33808594511015;-48.703637709712496;SC
-28.37841999928338;-48.73621000039111;SC
-28.425591768045535;-48.74352661026472;SC
-28.464802767733488;-48.76652561056841;SC
-28.495972999154503;-48.747112999565104;SC
-28.52774677998974;-48.75858960342737;SC
-28.60692599953512;-48.82720799964943;SC
-28.61311699905019;-48.851433999879134;SC
-28.6735648719212;-48.97749998223827;SC
-28.734662233375275;-49.08187636730048;SC
-28.80148615835941;-49.18541320285698;SC
-28.883595999555666;-49.29160199973239;SC
-28.955725999255435;-49.37683450021194;SC
-29.047096805273327;-49.47054275394481;SC
-29.18843337849745;-49.602671303637635;SC
-29.317873301511554;-49.708636344691456;SC
-29.298820338387827;-49.74209739128156;SC
-29.285871583007065;-49.81573178589315;SC
-29.224379688072077;-49.86952984312768;SC
-29.19885462344206;-49.96273415006095;SC
-29.225409541317163;-50.009932221294946;SC
-29.262280450182516;-50.11548269287192;SC
-29.24322257226379;-50.15185891975324;SC
-29.19782369730575;-50.1456157901365;SC
-29.211039129552148;-50.10776517062601;SC
-29.162834510104517;-50.01797265141664;SC
-29.117251046598483;-49.991801704485;SC
-29.08492497590686;-49.956155135351196;SC
-29.061400259814036;-49.95111191897985;SC
-29.021746294555783;-49.96599112129314;SC
-28.965821641955188;-49.9336566985977;SC
-28.961813106389684;-49.95424038878281;SC
-28.925527878308912;-49.965086495945;SC
-28.89796719463027;-49.94959598486679;SC
-28.85354822547015;-49.962120273731614;SC
-28.772180410397596;-49.9613328507304;SC
-28.70101519169765;-49.86937771381042;SC
-28.70630026544484;-49.84245493274892;SC
-28.666541773783763;-49.83917666197328;SC
-28.629480248214804;-49.77890392847348;SC
-28.621372566790455;-49.691391423575226;SC
-28.582227199625436;-49.707968335470184;SC
-28.53539113429332;-49.746720108046475;SC
-28.518930325773795;-49.72686786166241;SC
-28.493972536403362;-49.74826153793953;SC
-28.49642022031685;-49.79092625804026;SC
-28.469868787314567;-49.817265499603025;SC
-28.49648708131366;-49.83934334771726;SC
-28.464710947851927;-49.90041889881303;SC
-28.440210697565533;-49.970772883162;SC
-28.47427412624984;-50.02717695715074;SC
-28.48438035307072;-50.09717708435488;SC
-28.449526528226613;-50.14727806642958;SC
-28.464702900718237;-50.15915165982119;SC
-28.44483379654241;-50.19908634845615;SC
-28.463272127006974;-50.222648680492114;SC
-28.43202567354598;-50.2424107644452;SC
-28.457071905843748;-50.2729133445751;SC
-28.43927063353283;-50.30133154711319;SC
-28.44096577465075;-50.34044694167295;SC
-28.42122839687289;-50.36839862269824;SC
-28.43354103928749;-50.42878056537069;SC
-28.414902213965945;-50.470440383916525;SC
-28.407810639649256;-50.531593952099115;SC
-28.427502124123635;-50.54423833013476;SC
-28.381576646644817;-50.59317629994621;SC
-28.33792459864128;-50.665230633386955;SC
-28.312796228562945;-50.664907682343596;SC
-28.270543158739713;-50.695363506720355;SC
-28.24461706932226;-50.75387610509807;SC
-28.19501206515457;-50.7611951962013;SC
-28.17598304108435;-50.782815955791705;SC
-28.138640427013968;-50.794076082045535;SC
-28.139705538179896;-50.85899103320958;SC
-28.09507542978713;-50.875918796714984;SC
-28.054423336667526;-50.8754288586548;SC
-28.0229154296033;-50.88967319356294;SC
-28.01198778091134;-50.92323842481329;SC
-27.97165455141635;-50.92396815810389;SC
-27.94600692627853;-50.99362881731605;SC
-27.903670434442972;-51.05596623055703;SC
-27.867128683741726;-51.054821411578814;SC
-27.82741761692938;-51.09827170387592;SC
-27.83263227016306;-51.12728223858437;SC
-27.803657083307712;-51.13460645672251;SC
-27.77770476696128;-51.18776960248505;SC
-27.75258457351913;-51.26901978983142;SC
-27.730573096271257;-51.272546633220486;SC
-27.718089439675794;-51.310035868260684;SC
-27.67507006832892;-51.31510604450824;SC
-27.678794282330102;-51.3601127781821;SC
-27.660023872703505;-51.377934465103465;SC
-27.62549653323839;-51.38128863056579;SC
-27.62984970789762;-51.43660620391313;SC
-27.600740865598368;-51.47528263668431;SC
-27.563227577290775;-51.48334176730867;SC
-27.556137378936796;-51.501908487686535;SC
-27.563176681958282;-51.58737177129018;SC
-27.541463130319187;-51.631131736140674;SC
-27.50209711808742;-51.61977685551744;SC
-27.479064210644765;-51.69964983816948;SC
-27.51143566022745;-51.717315311052744;SC
-27.488105813732147;-51.75155196085427;SC
-27.493962567618382;-51.80178812632096;SC
-27.483135868725242;-51.84362701697313;SC
-27.491377842313454;-51.902545838219794;SC
-27.428749090997712;-51.93577689848496;SC
-27.41024135805219;-51.99644085865867;SC
-27.378228871065517;-51.996708249585936;SC
-27.346600622120945;-52.047301668936825;SC
-27.33724693539773;-52.110732280969955;SC
-27.30252345649228;-52.12632850105939;SC
-27.314287758872865;-52.161289203134174;SC
-27.276639083027135;-52.18010157332884;SC
-27.323029854444144;-52.20313733701846;SC
-27.32741144498209;-52.22837766999345;SC
-27.283248644109563;-52.26799112708875;SC
-27.319075857364908;-52.29977454056257;SC
-27.288886708054974;-52.352054211232826;SC
-27.303855573675662;-52.37755473336421;SC
-27.26440486419301;-52.43908531443566;SC
-27.226512749064057;-52.43104256676094;SC
-27.235542767085008;-52.479814907531875;SC
-27.265937754124025;-52.479303082671095;SC
-27.26036690191097;-52.53600505349033;SC
-27.246681552311713;-52.58274355137377;SC
-27.265705871129;-52.61788944184423;SC
-27.237688617835317;-52.713781150579564;SC
-27.25827198876118;-52.74343934914657;SC
-27.249187523085652;-52.76300029972401;SC
-27.21319575098306;-52.760521246558255;SC
-27.202333515379337;-52.846691610429446;SC
-27.168933146047834;-52.850481574764785;SC
-27.198884484031623;-52.904347046079295;SC
-27.196959739700162;-52.93769335176671;SC
-27.217627128888807;-52.97094031654234;SC
-27.206700147493734;-52.999977246352785;SC
-27.170488135918617;-52.985144557875;SC
-27.140966665778876;-52.99166362287781;SC
-27.158622491634617;-53.026152577479365;SC
-27.124905518674666;-53.04139386483496;SC
-27.10455044154952;-53.0203310527358;SC
-27.08365039594895;-53.04821350484934;SC
-27.111309932207575;-53.07829215086201;SC
-27.156969744558012;-53.071239913790976;SC
-27.175746869422426;-53.13959420970491;SC
-27.144185684721492;-53.16950175430247;SC
-27.189322410001182;-53.182102440575136;SC
-27.171111661074235;-53.23208570319258;SC
-27.2115049338056;-53.32258175754197;SC
-27.140808893215763;-53.29293691300808;SC
-27.118595517269227;-53.31730724633229;SC
-27.12098828228335;-53.34575120005775;SC
-27.09411465816487;-53.38104060973626;SC
-27.136544201953257;-53.40621463839483;SC
-27.156893874152843;-53.45536999862645;SC
-27.13890834064722;-53.47633931450764;SC
-27.15146764011945;-53.50810396632494;SC
-27.18042928768142;-53.489730545328314;SC
-27.202177816652807;-53.51824902407316;SC
-27.17264580286144;-53.556243856168976;SC
-27.187336443421998;-53.618231940351734;SC
-27.16360146583486;-53.68621906555734;SC
-27.189342381245865;-53.73088947886623;SC
-27.188052608640874;-53.75158950445194;SC
-27.147487368447173;-53.77601167739698;SC
-27.17275975505862;-53.8090033633145;SC
-27.16983531175015;-53.83512525492648;SC
-27.13288633993261;-53.82462963874667;SC
-27.101315451546725;-53.77662169743331;SC
-27.085134530034452;-53.8026830035177;SC
-27.04115509553111;-53.802363469898125;SC
-27.049215353006048;-53.77662867077646;SC
-27.014593099092224;-53.74055610897716;SC
-26.915720439946256;-53.6807278752911;SC
-26.874593071313086;-53.68991011885686;SC
-26.85129924986046;-53.67288771069917;SC
-26.82872988357724;-53.69796890144363;SC
-26.783298608743678;-53.71712385488189;SC
-26.694907281845474;-53.73669353607778;SC
-26.667310884289805;-53.718925464038875;SC
-26.642911677331938;-53.74441548748473;SC
-26.621196151680977;-53.729678959016724;SC
-26.56147388511158;-53.720860764612496;SC
-26.51045397756883;-53.731042226917225;SC
-26.478928370048152;-53.700241077263854;SC
-26.414979750315126;-53.70572103140046;SC
-26.366467769571784;-53.70128003884264;SC
-26.33043024895676;-53.67079345135659;SC
-26.260382923532973;-53.64165556725055;SC
-26.259073397319355;-53.584329571252624;SC
-26.28708303875112;-53.557265037251625;SC
-26.302798865974808;-53.49583471170246;SC
-26.27971574038901;-53.424026762824724;SC
-26.241614021170108;-53.37607191388764;SC
-26.258444031067086;-53.30444719827955;SC
-26.245775202263644;-53.28356928409511;SC
-26.289344721281793;-53.26439978322338;SC
-26.344505437575833;-53.18274749460113;SC
-26.34505963939074;-53.14372541369687;SC
-26.372256786521405;-53.12722388477437;SC
-26.392022133214823;-53.093227957404224;SC
-26.381198304058387;-53.04607367955657;SC
-26.347684105736846;-52.993490687345286;SC
-26.362286494925684;-52.950420293861384;SC
-26.358157323401713;-52.866331928875354;SC
-26.344406535533096;-52.84692853952038;SC
-26.347888497356223;-52.77539133334329;SC
-26.34218496186645;-52.73776323668392;SC
-26.357408354511847;-52.71731748001764;SC
-26.352731073180394;-52.68018652139074;SC
-26.4160624468243;-52.59583217561436;SC
-26.399180189913807;-52.52422930543804;SC
-26.439603572846522;-52.46360560071787;SC
-26.428227287459208;-52.40308939196183;SC
-26.43864075057013;-52.37962252026307;SC
-26.440697438935615;-52.30435556385817;SC
-26.461236523646562;-52.27696425669501;SC
-26.46704311424827;-52.2298118053705;SC
-26.445116680490344;-52.186343010421524;SC
-26.46498056679968;-52.16669461606358;SC
-26.47496336796496;-52.11163252661976;SC
-26.525111014061963;-52.08135391185351;SC
-26.53975975700712;-52.034311193107044;SC
-26.566560602589675;-52.008767537691654;SC
-26.57928359306328;-51.9002917324774;SC
-26.597581346901563;-51.87792263082463;SC
-26.578600450949978;-51.820561546877855;SC
-26.588051860704752;-51.78393693174394;SC
-26.5729932607303;-51.73763583352678;SC
-26.580507245712795;-51.692686937052486;SC
-26.565412441730643;-51.65845093925941;SC
-26.587244415197574;-51.632479220039954;SC
-26.59179788056764;-51.53560736358884;SC
-26.58741621628525;-51.49542970781465;SC
-26.64065822629607;-51.45488299185655;SC
-26.688178098340472;-51.43534600551362;SC
-26.70061995894389;-51.40731763120368;SC
-26.66324744151609;-51.391129716563114;SC
-26.648593131767598;-51.34703250864334;SC
-26.655912150924905;-51.294489707134176;SC
-26.624671730116233;-51.23614091936787;SC
-26.554576962756585;-51.2280608408351;SC
-26.498304167303388;-51.27317435191475;SC
-26.462050985664405;-51.25319690731135;SC
-26.434120708503826;-51.29287639892664;SC
-26.40421192553987;-51.29169504948692;SC
-26.376347405908007;-51.253262353674586;SC
-26.329866407308714;-51.24795121397722;SC
-26.27877458367999;-51.148403000298174;SC
-26.27267361259709;-51.10180815022591;SC
-26.231237315149883;-51.07737405047203;SC
-26.243901682416663;-51.05684568028386;SC
-26.23034436030389;-51.00107485312185;SC
-26.261335565483876;-50.97130742739574;SC
-26.24383853741847;-50.94356426048216;SC
-26.24943753661296;-50.90949891174529;SC
-26.283687040424468;-50.90928652335435;SC
-26.266383148963087;-50.84687301937424;SC
-26.231286866895346;-50.79993923011125;SC
-26.222043543174948;-50.762658374284456;SC
-26.24677286337686;-50.74592959027831;SC
-26.244579673213252;-50.715617688005864;SC
-26.203382219513742;-50.72987253419001;SC
-26.188537794883246;-50.70399393707049;SC
-26.148352158525256;-50.67882136081704;SC
-26.132499605572264;-50.65018262742626;SC
-26.10081019823201;-50.65615786699186;SC
-26.062133894963154;-50.62576960778114;SC
-26.070395946815438;-50.594801084402434;SC
-26.059378097021465;-50.55352872886766;SC
-26.02714959557727;-50.593154834927645;SC
-26.001952832057498;-50.57023061055412;SC
-26.03826265659626;-50.550868760884555;SC
-26.026129671746844;-50.51330374447218;SC
-26.026347715074962;-50.460891280807914;SC
-26.06298737316871;-50.42953813627594;SC
-26.058523573803768;-50.40807735168835;SC
-26.07919170313454;-50.371687073799364;SC
-26.112407346321845;-50.36742886485018;SC
-26.133949684130528;-50.32170255213106;SC
-26.08537476793117;-50.332012684038034;SC
-26.05473599896709;-50.29879222048453;SC
-26.0384218482896;-50.255185050449654;SC
-26.064946771076507;-50.19345427039815;SC
-26.0777939750119;-50.1831513474566;SC
-26.02658342288663;-50.14016319067861;SC
-26.05078485633595;-50.12423656326666;SC
-26.027624063499673;-50.03919024673246;SC
-26.013328245102343;-50.01094001506959;SC
-26.030203930666744;-49.93083903719179;SC
-26.03346971795304;-49.86943942079262;SC
-26.054731908850385;-49.86381128536249;SC
-26.075173541225922;-49.82820927493805;SC
-26.093927097557412;-49.824179894886186;SC
-26.11853885028762;-49.77999009546642;SC
-26.1246122229756;-49.748568157294585;SC
-26.18978594506524;-49.67283968950005;SC
-26.186854172282096;-49.65398571666742;SC
-26.215852037341506;-49.62211200856228;SC
-26.233373239183607;-49.54984606464404;SC
-26.214445882571283;-49.49121213333319;SC
-26.183604209466637;-49.484797182843636;SC
-26.161957875855194;-49.452362930904485;SC
-26.156661215242764;-49.38071067895464;SC
-26.109979943019937;-49.32170419988887;SC
-26.11128584496572;-49.300247258104434;SC
-26.030369461681232;-49.23708218799254;SC
-26.000701210492423;-49.16750213861275;SC
-26.001104032125284;-49.07376200930918;SC
-26.015747381836093;-49.02016093957559;SC
-26.009305450785803;-48.99425182036515;SC
-25.98079983234635;-48.96047839516166;SC
-25.983671319075995;-48.68203231593861;SC
-25.96873017955403;-48.63864664982299;SC
-23.722294000367697;-45.32890000013481;SP
-23.735321000363854;-45.275699000108716;SP
-23.779067999688323;-45.230750000212254;SP
-23.805939999631164;-45.241305999572205;SP
-23.83918162153452;-45.241797548318175;SP
-23.838792122458415;-45.27276181520551;SP
-23.85198749352793;-45.28631953841585;SP
-23.892050468654077;-45.261904695844976;SP
-23.908545021535417;-45.23856929693545;SP
-23.949240357656265;-45.235682337369894;SP
-23.96376413530652;-45.26773939295856;SP
-23.914732677371035;-45.29915783546568;SP
-23.912009765837922;-45.32443197665435;SP
-23.92815100026837;-45.357030999680774;SP
-23.93946200027102;-45.43177999964723;SP
-23.91415200041439;-45.460421000228905;SP
-23.891232000156663;-45.46173699976271;SP
-23.809713000054785;-45.365998999554165;SP
-23.765898000292395;-45.349247000448656;SP
-23.74153813237882;-45.34857176427539;SP
-23.722294000367697;-45.32890000013481;SP
-24.034842000158108;-46.278114499784294;SP
-24.016748000319865;-46.300550000182284;SP
-24.02426699992202;-46.317892000415384;SP
-23.975481000247896;-46.32213199989178;SP
-23.970247999945116;-46.358470000190266;SP
-23.99862850290299;-46.39209412804155;SP
-24.02343500022505;-46.39123899958014;SP
-24.01371199970896;-46.417304000079525;SP
-24.02223599979152;-46.45079500038884;SP
-24.049777000008476;-46.52145099956391;SP
-24.096833738286364;-46.62214810704944;SP
-24.2021020331822;-46.81632906853167;SP
-24.27291568081398;-46.930319154105575;SP
-24.311097838994044;-46.98015318232348;SP
-24.333690546281616;-47.00197848371994;SP
-24.35153200030146;-46.99888100005802;SP
-24.374462000121184;-47.017884000446145;SP
-24.409080000241715;-47.004058999623055;SP
-24.432460000128856;-47.055753000300626;SP
-24.4968759264828;-47.15281129520508;SP
-24.52870027799537;-47.188596155787934;SP
-24.57582583329554;-47.25078922963917;SP
-24.645179101534268;-47.36695240552899;SP
-24.69168538906939;-47.435597213940184;SP
-24.750052158780022;-47.55209268123224;SP
-24.79220500095994;-47.616766920756675;SP
-24.895366191496464;-47.749828937955044;SP
-24.97493769621758;-47.84188619739007;SP
-25.00434585447755;-47.868052383310726;SP
-25.05156600766503;-47.88638793025871;SP
-25.053386579027347;-47.90993429842905;SP
-25.10829158748669;-47.89524184303656;SP
-25.118240593028872;-47.908442059653225;SP
-25.16135843834121;-47.92458436877354;SP
-25.2428177666265;-48.02904942249279;SP
-25.21846778855752;-48.0322503209955;SP
-25.240085182884798;-48.062106086226834;SP
-25.241253419309828;-48.09858210278179;SP
-25.250870527352845;-48.11299959945188;SP
-25.228127439030004;-48.15123822156659;SP
-25.210933415044963;-48.161463034791154;SP
-25.204998796956886;-48.1825203358448;SP
-25.18205844054455;-48.17839463750249;SP
-25.149906970530196;-48.15850208530287;SP
-25.133835750119715;-48.18164150575086;SP
-25.07667156104361;-48.216054291372416;SP
-25.040804044670836;-48.215254892099495;SP
-24.978711800109465;-48.249324554884254;SP
-24.99753479759272;-48.26958577696195;SP
-25.039192281498515;-48.28462769181448;SP
-25.04412409525071;-48.30724799479907;SP
-25.036489086701863;-48.35122774856171;SP
-25.019962160924877;-48.35474836864222;SP
-24.995906829536466;-48.379949577510956;SP
-24.980399627940415;-48.411868159088215;SP
-25.012552389381142;-48.47404930073458;SP
-25.03698819335034;-48.48088236313049;SP
-25.100819829271643;-48.530221573566735;SP
-25.086552562550594;-48.55600785797617;SP
-25.06397253750248;-48.557938538732515;SP
-25.053127411500782;-48.579632849376424;SP
-25.019705699458427;-48.588869472248234;SP
-25.010505666403333;-48.60083133319944;SP
-24.985919056918874;-48.58659642498492;SP
-24.972266873417425;-48.567370899947036;SP
-24.92473111215105;-48.57158920058106;SP
-24.867496335287626;-48.54973009187012;SP
-24.848766385260376;-48.567748687152175;SP
-24.806203798466413;-48.555753978463315;SP
-24.78104820680926;-48.51830995863759;SP
-24.745975736990545;-48.50189683307235;SP
-24.706237449498587;-48.5647292601472;SP
-24.690638552127382;-48.572202809811756;SP
-24.669102572525617;-48.601168274995814;SP
-24.668673218194385;-48.61661971592713;SP
-24.701792470246176;-48.67500892282345;SP
-24.679301951124103;-48.67147322560879;SP
-24.680382053089204;-48.703812020808016;SP
-24.69324972559434;-48.7447498096559;SP
-24.69568792166018;-48.77712193283088;SP
-24.67414259090782;-48.811923938738744;SP
-24.66497680763348;-48.84040088499279;SP
-24.67416858940885;-48.96220206996952;SP
-24.654371074865196;-49.010305694652004;SP
-24.660419709002326;-49.037399730013476;SP
-24.682379333139636;-49.054207746989846;SP
-24.67341647469044;-49.07467487604464;SP
-24.68835230911168;-49.111594637882206;SP
-24.67555987119107;-49.13482333762681;SP
-24.67275035134753;-49.18565087928454;SP
-24.695921454011852;-49.204342528085135;SP
-24.693021526222424;-49.2781328210728;SP
-24.663532670896018;-49.31201543476442;SP
-24.63206640424113;-49.31407124719021;SP
-24.59694868143646;-49.30359706635147;SP
-24.555508879331285;-49.31598936261895;SP
-24.53592531620029;-49.279905463965974;SP
-24.50030991127329;-49.295674078695754;SP
-24.49274372784072;-49.27287461187382;SP
-24.455744820267114;-49.25354982146706;SP
-24.434152310180934;-49.252662148339425;SP
-24.404472846244744;-49.23785027826767;SP
-24.392717698063223;-49.24767589322778;SP
-24.345106569112772;-49.201111832345134;SP
-24.332175213814992;-49.24470221833269;SP
-24.31936431910799;-49.25043659607201;SP
-24.302598895822314;-49.28690030990134;SP
-24.25143097246132;-49.30537406735925;SP
-24.220800431394707;-49.350677247257124;SP
-24.20427521522896;-49.34281795318594;SP
-24.137581853819427;-49.33656625752673;SP
-24.1068924386351;-49.40870824968596;SP
-24.08560133273528;-49.431843833625976;SP
-24.068708755204796;-49.42978620097227;SP
-24.049485219467215;-49.45754013996543;SP
-24.02743577733918;-49.463443070441315;SP
-23.993378625023468;-49.492269897937376;SP
-23.92589979933615;-49.5116045907792;SP
-23.92126352708999;-49.55701046066417;SP
-23.888879888995632;-49.58704193183962;SP
-23.84062243617643;-49.60761983488737;SP
-23.82704728410482;-49.57267849521634;SP
-23.811930716529275;-49.56006893893027;SP
-23.736778604449;-49.56732363857503;SP
-23.704016460591163;-49.54919910945125;SP
-23.652116067302586;-49.60213384360196;SP
-23.611113667561597;-49.620958322268734;SP
-23.583973603099196;-49.60284861487162;SP
-23.566787319579078;-49.60789471267083;SP
-23.53562438435779;-49.60020622233924;SP
-23.5233030445998;-49.624216892495554;SP
-23.49332520989043;-49.62137933988453;SP
-23.478423636041896;-49.60328941397523;SP
-23.45252504069805;-49.603260771467376;SP
-23.42895476584971;-49.58178997562675;SP
-23.40847382680556;-49.602518703974965;SP
-23.36709144731242;-49.59541211457736;SP
-23.354653409727007;-49.61180665115597;SP
-23.299475698044944;-49.63088028969355;SP
-23.286650121006176;-49.62580288739326;SP
-23.212036976225363;-49.653751561984905;SP
-23.174942584932296;-49.677707990431315;SP
-23.14309380153759;-49.72813016177753;SP
-23.10943814525416;-49.72555095201477;SP
-23.09775741057598;-49.751381968702844;SP
-23.10334554955739;-49.78917906056512;SP
-23.065942950706585;-49.83365890303588;SP
-23.07169185429558;-49.867415280690636;SP
-23.05111864211159;-49.91160219868249;SP
-23.03642073233084;-49.91627269103179;SP
-22.999311802597504;-49.90167016964256;SP
-22.978420489413963;-49.95450191613048;SP
-22.956514829096022;-49.973938993189904;SP
-22.930862996929704;-49.96137770261885;SP
-22.89750476353396;-49.986164924771344;SP
-22.911250487320103;-50.01463398576976;SP
-22.905268515429555;-50.0527393607328;SP
-22.9281236511855;-50.071549789291225;SP
-22.922504723913846;-50.09282580906381;SP
-22.939791236875976;-50.11540977224308;SP
-22.93561842574968;-50.152993070973366;SP
-22.95400409011654;-50.18508212444044;SP
-22.950977767110203;-50.243248311160585;SP
-22.93779840846969;-50.24761114633725;SP
-22.931603237899026;-50.27556904617444;SP
-22.951265709344966;-50.32331336921658;SP
-22.948072768943007;-50.34018659693385;SP
-22.916058815162103;-50.35924948947229;SP
-22.905405571210053;-50.379074598813645;SP
-22.912771656386724;-50.416426447122774;SP
-22.94418555012294;-50.425712601954956;SP
-22.945201243542442;-50.45942502794264;SP
-22.936934536799413;-50.48273945016541;SP
-22.94463884440711;-50.511019185886596;SP
-22.91212892081296;-50.54049350277285;SP
-22.905271902276354;-50.58099395850428;SP
-22.92317853286295;-50.60380838554846;SP
-22.895669204969806;-50.66354613664487;SP
-22.90619714907905;-50.682082881719566;SP
-22.953442198198843;-50.70983876954352;SP
-22.962498570852233;-50.7295267790376;SP
-22.947654255939142;-50.75866298590796;SP
-22.95117936723392;-50.79593503107674;SP
-22.940299334046983;-50.806146229464844;SP
-22.90511726295125;-50.7931380819569;SP
-22.88855235250901;-50.79781705671172;SP
-22.859169246663328;-50.83292021229789;SP
-22.83139847416021;-50.84238713445865;SP
-22.794300162722266;-50.89533339072335;SP
-22.803932290342857;-50.94563639290516;SP
-22.782100338459827;-50.97592789675497;SP
-22.793821426617455;-51.00554855761982;SP
-22.766057092360825;-51.057615008026175;SP
-22.759992104951664;-51.12792315303096;SP
-22.748962850854866;-51.164412798811554;SP
-22.729892067664707;-51.18701527633391;SP
-22.71601718594428;-51.22833595873743;SP
-22.6895762337561;-51.24287980385981;SP
-22.66769740561074;-51.26519985648815;SP
-22.674490237734176;-51.30649496756865;SP
-22.658132862941216;-51.37364923782201;SP
-22.667905495242394;-51.40201628602273;SP
-22.653510808077215;-51.42472559670887;SP
-22.655750534559445;-51.45309608481642;SP
-22.679217422446015;-51.47495106833702;SP
-22.692027956524896;-51.508321826590986;SP
-22.686797704550372;-51.525741196399;SP
-22.69717934515063;-51.559569158289946;SP
-22.68646268190713;-51.589179724264795;SP
-22.66259344003521;-51.61584220195596;SP
-22.657244238330804;-51.662350528254194;SP
-22.669368568104915;-51.69917087543547;SP
-22.661464441031058;-51.725867430237656;SP
-22.62861438754385;-51.7330366322347;SP
-22.614126911027995;-51.77162057872664;SP
-22.63222602441141;-51.84709611399444;SP
-22.628216231593683;-51.87366299105412;SP
-22.5673427509671;-51.94051262675629;SP
-22.541696228398166;-52.01265110886152;SP
-22.539326482431136;-52.051877844886576;SP
-22.521249907856884;-52.0896173666481;SP
-22.519923031922303;-52.12760224414819;SP
-22.549253529226917;-52.14876193571473;SP
-22.58945086126812;-52.16096540762737;SP
-22.64471893323207;-52.156677982402925;SP
-22.66091382481312;-52.201067528443616;SP
-22.675534908209386;-52.22257722805654;SP
-22.64251691892059;-52.228098636442894;SP
-22.61542638911652;-52.250413112375156;SP
-22.620390234021954;-52.27869467372017;SP
-22.635444963314285;-52.30043558903111;SP
-22.62654484516844;-52.38049079141683;SP
-22.607166482147363;-52.43304583899419;SP
-22.610620705281292;-52.455047674610455;SP
-22.634229972934804;-52.498823555662455;SP
-22.611743467486917;-52.5453771952013;SP
-22.5660965936828;-52.58934444209223;SP
-22.574471578800285;-52.611357389731666;SP
-22.611917584328978;-52.663037322314494;SP
-22.627006574193956;-52.697105379809386;SP
-22.625242309385044;-52.726904259324044;SP
-22.612368864131668;-52.750301812178805;SP
-22.59704316640898;-52.81543966480865;SP
-22.60800100893931;-52.85836280330062;SP
-22.572207290933648;-52.905362502077764;SP
-22.565623982860416;-52.92474261877675;SP
-22.570484747473074;-52.97242498032847;SP
-22.60841137408562;-53.03080702592348;SP
-22.632622735151017;-53.05579790135198;SP
-22.644848926636598;-53.09150397412907;SP
-22.610224970306092;-53.1101115318217;SP
-22.5955115427235;-53.107862306699985;SP
-22.54885756582388;-53.07380646289789;SP
-22.527395631003458;-53.03980100631128;SP
-22.520665767611035;-53.01436119741129;SP
-22.493181288885296;-52.99857914860871;SP
-22.483547674685326;-52.979693299306234;SP
-22.452873620820867;-52.88583698119169;SP
-22.439112379232824;-52.85476122535016;SP
-22.415310987611917;-52.83988687128203;SP
-22.3782734046938;-52.79833085788272;SP
-22.343312984106888;-52.74583500548101;SP
-22.31461062458061;-52.69513412074298;SP
-22.303798833749056;-52.65688807292611;SP
-22.25675048704528;-52.58693922686376;SP
-22.217206043024362;-52.487714256507616;SP
-22.20088177767184;-52.47996567797361;SP
-22.17694694194779;-52.445741860598275;SP
-22.10667822052335;-52.37721795974102;SP
-22.04782644013801;-52.339191816848825;SP
-21.972131912757504;-52.31901939293061;SP
-21.942168615589026;-52.301484667983004;SP
-21.914941912239385;-52.27496325075339;SP
-21.902280421004605;-52.248406092666926;SP
-21.844324934647943;-52.189353739183616;SP
-21.814460509844594;-52.18398436928311;SP
-21.770773716533768;-52.16126181787848;SP
-21.759588828461574;-52.147791958432094;SP
-21.746053807736928;-52.10378907680439;SP
-21.714880191267753;-52.076492427783194;SP
-21.677158813328504;-52.05582541900782;SP
-21.64308911277226;-52.04952035218247;SP
-21.598107510652994;-52.06887560712346;SP
-21.574985635078917;-52.0987672822842;SP
-21.55484057842989;-52.10229339812173;SP
-21.515222541986645;-52.07778940395781;SP
-21.50360971691481;-52.057066636316165;SP
-21.51662647992805;-52.000367605380575;SP
-21.501762084052814;-51.9679033232797;SP
-21.473603657882393;-51.95239929898844;SP
-21.45581609843407;-51.928681833000155;SP
-21.41218237501647;-51.91820511067721;SP
-21.37760532732392;-51.89992848281321;SP
-21.35353022523958;-51.8687621238729;SP
-21.336671039536725;-51.86106184612726;SP
-21.289526239644204;-51.85692969694787;SP
-21.266638391048787;-51.84851446716891;SP
-21.197916919929867;-51.879720485312134;SP
-21.148137743162295;-51.87898479401298;SP
-21.130540062074147;-51.86547391828668;SP
-21.126839849179646;-51.823589985089654;SP
-21.102119515902814;-51.78967094795581;SP
-21.022196796245055;-51.759647599457026;SP
-20.971458014975326;-51.71369571608437;SP
-20.970787066769617;-51.66668521105356;SP
-20.94443288926641;-51.62358725694628;SP
-20.88608596849258;-51.61508832186854;SP
-20.86869907140499;-51.628445104158175;SP
-20.821558155684272;-51.632977169260926;SP
-20.776872007836857;-51.62239835050343;SP
-20.75484835466773;-51.63489922731736;SP
-20.71251873635049;-51.62428751855401;SP
-20.643847680326132;-51.59414815031687;SP
-20.625172548474268;-51.57750494669591;SP
-20.596993857880193;-51.53300509790688;SP
-20.568216308735543;-51.50022227503791;SP
-20.54650628873418;-51.49285613590183;SP
-20.482815385921242;-51.44922908455459;SP
-20.459570635976036;-51.409279632648804;SP
-20.40178026874429;-51.37808396300443;SP
-20.35466012106764;-51.34270535047153;SP
-20.328482100968074;-51.29568454100871;SP
-20.316935928250416;-51.23990554710326;SP
-20.305224077928756;-51.16076639685161;SP
-20.29553150867207;-51.132414333154884;SP
-20.25004948509553;-51.069163086407286;SP
-20.077314558420085;-50.996534151829565;SP
-20.036445198986655;-50.96912936382898;SP
-20.02972612835805;-50.94551584238218;SP
-19.990155185813137;-50.89719944170082;SP
-19.990824976591284;-50.8761761305239;SP
-19.96976664221671;-50.85158302793434;SP
-19.958333222000476;-50.81733618072013;SP
-19.937229487151;-50.783601503706336;SP
-19.93018900421913;-50.73541292816401;SP
-19.9071473023061;-50.65810473464575;SP
-19.870916552456833;-50.6319447972146;SP
-19.856088296737425;-50.605545221035015;SP
-19.816374352993932;-50.577948759627475;SP
-19.795784321688984;-50.498970329916745;SP
-19.779888808121882;-50.46932357792076;SP
-19.80113646237777;-50.41713277465777;SP
-19.86460243215646;-50.35275894107224;SP
-19.874085976486526;-50.306410296597846;SP
-19.86789367025665;-50.29127056698303;SP
-19.876757704904094;-50.245155944990756;SP
-19.86664844287128;-50.21565177510922;SP
-19.877867482698093;-50.1654150637541;SP
-19.875478954390132;-50.09724333920866;SP
-19.915389636522377;-50.04723919523258;SP
-19.926446972849476;-50.0030529184574;SP
-19.920048385524524;-49.96988254264511;SP
-19.923911047456784;-49.94605206245268;SP
-19.94530491708815;-49.888336930704725;SP
-19.946456829918645;-49.85373967254782;SP
-19.933314959517645;-49.835274515306594;SP
-19.92446309809344;-49.78245623526698;SP
-19.931261533892553;-49.712149579539414;SP
-19.93193211607428;-49.63440530116367;SP
-19.91650497122731;-49.60602482968204;SP
-19.905841005557875;-49.551485234655786;SP
-19.914311506770503;-49.51400492808489;SP
-19.950421178194688;-49.49278615645591;SP
-19.97805975215573;-49.453809956264365;SP
-19.98671725929404;-49.35648648995948;SP
-19.96054540854368;-49.29753778154327;SP
-19.96955424033581;-49.24964698412094;SP
-19.99963704661235;-49.248338794299855;SP
-20.00477168806293;-49.283923626773856;SP
-20.017516985320526;-49.29725598167812;SP
-20.060319311586852;-49.30725532047654;SP
-20.103892935110764;-49.308538038799384;SP
-20.16707607979714;-49.29924642867968;SP
-20.231262998288628;-49.26427624145532;SP
-20.260204223146275;-49.25915600624461;SP
-20.30534306632933;-49.22529401490675;SP
-20.314659812500224;-49.183562520393934;SP
-20.273545040670967;-49.122411149255015;SP
-20.21217459288306;-49.08930023301929;SP
-20.154743513802032;-49.06747975558619;SP
-20.150055913649396;-49.03294733495153;SP
-20.1707653281573;-48.9860451910327;SP
-20.20779034754645;-48.972023198212014;SP
-20.263301178906204;-48.961785831350994;SP
-20.27929179398103;-48.96578298149933;SP
-20.358010736905896;-48.96572983426432;SP
-20.389790528809726;-48.97035279294698;SP
-20.403121516744534;-48.96303031679565;SP
-20.441336233979996;-48.899862537026365;SP
-20.42966915460778;-48.87860685632131;SP
-20.398349305675822;-48.86703918531009;SP
-20.3561378483829;-48.87842961703308;SP
-20.31843498118934;-48.87545076833817;SP
-20.297221073993285;-48.88829726270848;SP
-20.27527543970973;-48.887075338555974;SP
-20.215009681351603;-48.85344881131351;SP
-20.180143953980178;-48.85539246838766;SP
-20.161547146783334;-48.8221267347609;SP
-20.163852473412817;-48.781137305941854;SP
-20.14938177285046;-48.73134107083371;SP
-20.16021721225451;-48.707107705156375;SP
-20.165347438033734;-48.63771183603234;SP
-20.135811746914555;-48.59324742862583;SP
-20.130298992704297;-48.55462892028834;SP
-20.13812321681297;-48.491116131804006;SP
-20.113511042300672;-48.40577677567762;SP
-20.123103211244086;-48.37493592275462;SP
-20.113801091646963;-48.31541286231368;SP
-20.137411162395153;-48.285761851128484;SP
-20.14379644335105;-48.26510009619244;SP
-20.127883961375687;-48.21863549673077;SP
-20.115386846425736;-48.21899009761489;SP
-20.07792066550627;-48.25342513516182;SP
-20.04740381403468;-48.24413190086648;SP
-20.028214176442987;-48.228498992034815;SP
-20.03937002360766;-48.20777146518094;SP
-20.07785509863379;-48.18183075008892;SP
-20.096180217942674;-48.17860597728395;SP
-20.105301167314963;-48.15565998841765;SP
-20.12413957558084;-48.14772157109354;SP
-20.14635595526306;-48.105487413113565;SP
-20.148429558077567;-48.076775842730854;SP
-20.137235523000925;-48.04938691337526;SP
-20.119948998347525;-48.03884300000442;SP
-20.12402899853936;-48.020163000122295;SP
-20.101259039373076;-48.00105502906632;SP
-20.072962968366255;-47.98974816504574;SP
-20.04916592946398;-47.99152803938745;SP
-20.035372668413856;-47.97596931653061;SP
-20.060467754583158;-47.946022144206495;SP
-20.095001339839882;-47.94240449986768;SP
-20.110434850088154;-47.931524816517026;SP
-20.125674526757905;-47.89939995204611;SP
-20.098372690447263;-47.87507730167607;SP
-20.04500959841414;-47.861461520033004;SP
-20.01857476701184;-47.87521415510912;SP
-19.99293974946977;-47.859750731610916;SP
-19.996065645413125;-47.8346804892131;SP
-19.985131666393215;-47.805658052876765;SP
-19.987928205422293;-47.733681692456116;SP
-19.978147978346442;-47.71269172544271;SP
-20.001915590532008;-47.67614993876856;SP
-20.02251594965128;-47.67062638190191;SP
-20.047219414344397;-47.639656072469734;SP
-20.042108987139954;-47.61399008497432;SP
-20.025891519877632;-47.594748096947;SP
-19.99666463256665;-47.58382461841137;SP
-19.99602594394213;-47.55263779539786;SP
-19.983562523891237;-47.53690308870654;SP
-19.982411552651;-47.50693696047233;SP
-19.97162764709816;-47.497725353142414;SP
-19.965789007356705;-47.46332204007996;SP
-20.015319554853477;-47.424428037024256;SP
-20.030381686465603;-47.444842352492515;SP
-20.04882945711364;-47.440296913571615;SP
-20.08019628303191;-47.408133497862536;SP
-20.08594239332666;-47.37160304804212;SP
-20.10398156060046;-47.35867644116479;SP
-20.124498409573846;-47.30967337482633;SP
-20.145888070378078;-47.29640164142256;SP
-20.159924878630193;-47.2617804199304;SP
-20.199670213209686;-47.250570931803;SP
-20.21915217543244;-47.231073619951474;SP
-20.243568094491877;-47.23910202883553;SP
-20.316286499022624;-47.28581997271351;SP
-20.34843571533588;-47.29820813479756;SP
-20.405739966626072;-47.28545565375538;SP
-20.427256029841885;-47.29610019856523;SP
-20.450549890864693;-47.29101129393598;SP
-20.477952285769277;-47.253604532123404;SP
-20.499840530715858;-47.21190134287258;SP
-20.519553192425803;-47.154517381072196;SP
-20.535323387264384;-47.143459835203146;SP
-20.56521750768178;-47.14286306307986;SP
-20.61272249774504;-47.12332258377012;SP
-20.643876828252985;-47.097456449455535;SP
-20.68316581984658;-47.10123528557989;SP
-20.70931854471496;-47.12667536337722;SP
-20.703430847855316;-47.169240770445185;SP
-20.770624708963055;-47.188818291930545;SP
-20.774343653836524;-47.20481579311428;SP
-20.800949619029666;-47.22493436652775;SP
-20.8272194437223;-47.21448440533101;SP
-20.885281697592177;-47.2400442557377;SP
-20.924139033489553;-47.21045806768558;SP
-20.982385673559918;-47.14373893620291;SP
-21.018824738770547;-47.15702985034727;SP
-21.06928162124973;-47.13909985807197;SP
-21.088235844208725;-47.14229621859556;SP
-21.10469624623471;-47.114760139468785;SP
-21.13321834744869;-47.13303561350273;SP
-21.153695940115483;-47.117305109343306;SP
-21.16790940759296;-47.1236478208902;SP
-21.2096737183673;-47.095651382405265;SP
-21.207905938108524;-47.07449159551061;SP
-21.241175616161627;-47.07607571891924;SP
-21.24651871416728;-47.05228174400719;SP
-21.286501913132668;-47.04195209950973;SP
-21.29955571742238;-47.029772989331946;SP
-21.342362938698614;-47.016526994525066;SP
-21.356389441619342;-46.996298218188144;SP
-21.396503442479798;-47.016168007647366;SP
-21.419107018074328;-47.012970415052564;SP
-21.426695055932043;-46.984367447699526;SP
-21.41842741029666;-46.96370878373335;SP
-21.424979162058662;-46.932901422462635;SP
-21.415614133985002;-46.89330556959624;SP
-21.39556934454953;-46.86534348251564;SP
-21.389108320892205;-46.84208403674887;SP
-21.366438573181483;-46.817309363736115;SP
-21.37496873002283;-46.762136927477115;SP
-21.392572330448616;-46.73897484141571;SP
-21.392662072896258;-46.71472165108321;SP
-21.36419307035385;-46.647199282021234;SP
-21.391721343365248;-46.64873033733511;SP
-21.443960781964392;-46.6018899300762;SP
-21.42695718222808;-46.5765136627752;SP
-21.4426575132336;-46.55788219570667;SP
-21.448953156962602;-46.51905271181312;SP
-21.489127082348887;-46.50888999587659;SP
-21.529937863541477;-46.52297770215921;SP
-21.549761131970627;-46.50077666670978;SP
-21.584508710908153;-46.521994168496065;SP
-21.61282186633599;-46.51822801730913;SP
-21.630433768403634;-46.54736739698774;SP
-21.648182582360164;-46.54815767533637;SP
-21.659201839593152;-46.56669834145521;SP
-21.67867939154064;-46.564631339664516;SP
-21.68317833641106;-46.59303583833321;SP
-21.675542993314423;-46.62159472361748;SP
-21.74152189911632;-46.63082028482819;SP
-21.766226462780935;-46.62603031214917;SP
-21.77924640309891;-46.65399134072777;SP
-21.791279862675424;-46.6524096877568;SP
-21.836963850601194;-46.69097054685318;SP
-21.849053961171307;-46.66673105319552;SP
-21.88046083390026;-46.647536461238644;SP
-21.91105268972973;-46.673778465403814;SP
-21.944104227328182;-46.65327331481154;SP
-21.974554747503475;-46.64420814678846;SP
-21.996971153495906;-46.61466877294549;SP
-22.037422129427682;-46.68538901968748;SP
-22.068863105347987;-46.664786004870166;SP
-22.078972138952963;-46.70611765540542;SP
-22.095148912792013;-46.70009765208488;SP
-22.091893162839085;-46.646754995346726;SP
-22.108516924916103;-46.62417001773207;SP
-22.150252527532018;-46.61304148297802;SP
-22.15771964254742;-46.64045810875467;SP
-22.177946098633527;-46.646427134904286;SP
-22.184260559776988;-46.67080084878012;SP
-22.22191817218578;-46.678058205022126;SP
-22.25787233733837;-46.706943029796946;SP
-22.29582396060721;-46.705284142149424;SP
-22.315584170373086;-46.71453687008045;SP
-22.38196384735363;-46.66639456106009;SP
-22.415109835350506;-46.666516293292204;SP
-22.435835705653176;-46.63160735349646;SP
-22.446649975915534;-46.5548139499038;SP
-22.494356003126995;-46.54214693503292;SP
-22.522497119146692;-46.45331815360987;SP
-22.557927715191795;-46.41464269300582;SP
-22.571228072217707;-46.43258563641791;SP
-22.622178928015046;-46.40597053771006;SP
-22.66297405920534;-46.39305887126977;SP
-22.661357746362853;-46.42771406735022;SP
-22.679865301242614;-46.48056527606661;SP
-22.707057206225045;-46.45733417513202;SP
-22.727581896387335;-46.45272307760786;SP
-22.746825844936666;-46.372811351262726;SP
-22.760300075987686;-46.33454146241843;SP
-22.788941383238125;-46.36169545827869;SP
-22.827819462897764;-46.37681108066681;SP
-22.877079075239067;-46.37628940373287;SP
-22.90467920318264;-46.34522423560992;SP
-22.887641295209562;-46.31744502476806;SP
-22.897819091877466;-46.29502879594213;SP
-22.878347612152538;-46.27902571536441;SP
-22.89087490205503;-46.25741075819985;SP
-22.86523057113385;-46.192197885024314;SP
-22.8681460041347;-46.1412519880887;SP
-22.92275526064674;-46.13909371590222;SP
-22.89442901019055;-46.0952183248657;SP
-22.8969749998962;-46.050675000151045;SP
-22.885056999780602;-46.02783349991597;SP
-22.889498000432354;-46.00852399978271;SP
-22.869809999931533;-45.99309200039539;SP
-22.868067999638356;-45.97513799981874;SP
-22.8497749996165;-45.95634099993714;SP
-22.829605000270476;-45.90903500016509;SP
-22.872185999783937;-45.88731699957975;SP
-22.869117630773985;-45.86463394729873;SP
-22.837830663754062;-45.84812729763661;SP
-22.83379336247367;-45.802849967851614;SP
-22.85860604982929;-45.790853893991994;SP
-22.840812269770367;-45.76695935778804;SP
-22.805926763609136;-45.77094513780776;SP
-22.771515892644288;-45.71181884836113;SP
-22.72200268227789;-45.73255709513376;SP
-22.721039984107904;-45.75646375689678;SP
-22.7390213951212;-45.795633911176026;SP
-22.72271861187437;-45.81992781831411;SP
-22.69870766112956;-45.81164102881036;SP
-22.693356526782168;-45.78785889167449;SP
-22.659166862960262;-45.742806738639956;SP
-22.662105578509568;-45.71758510526837;SP
-22.649770347823164;-45.697955211763485;SP
-22.6210098255429;-45.71746943626539;SP
-22.610150418307057;-45.73669004111247;SP
-22.587023009204472;-45.726793690876036;SP
-22.58633856397347;-45.69543920005901;SP
-22.57681387565981;-45.662894461010524;SP
-22.599032192481616;-45.65986538068273;SP
-22.636335684244386;-45.68107834359063;SP
-22.651201173695085;-45.666184756621135;SP
-22.637914132930803;-45.61812805496572;SP
-22.603911784401305;-45.576243910428104;SP
-22.627602347170523;-45.55993925389333;SP
-22.656522751823445;-45.565965277275666;SP
-22.628785224558385;-45.48880049055015;SP
-22.58889422588777;-45.47385657661965;SP
-22.618320716827554;-45.43554715357817;SP
-22.622215529522975;-45.41293169704011;SP
-22.651671026296697;-45.410521091275314;SP
-22.63876139772026;-45.360958179876036;SP
-22.617639217775604;-45.33296198600675;SP
-22.61695840130909;-45.27586522899708;SP
-22.581624259352054;-45.254540681806986;SP
-22.537928715637634;-45.16451526786528;SP
-22.516916784481907;-45.16000933885982;SP
-22.497110265026606;-45.12845940108042;SP
-22.485075927711875;-45.08037827653618;SP
-22.47050396348709;-45.054928890755605;SP
-22.46648648776113;-44.990734664373235;SP
-22.471944639633364;-44.969848410775455;SP
-22.45261504774618;-44.939596844019036;SP
-22.449113825142888;-44.89768216479996;SP
-22.432123987731813;-44.88973083321133;SP
-22.423061294642935;-44.860210299265816;SP
-22.428143397699614;-44.83023135659181;SP
-22.408271561383344;-44.794439405753906;SP
-22.41492905093486;-44.75510338231521;SP
-22.450830675894906;-44.724217376230854;SP
-22.514049845623788;-44.71169879356438;SP
-22.52530588985485;-44.68136803520662;SP
-22.554073764092834;-44.667873632362216;SP
-22.555598616782675;-44.644427613243636;SP
-22.59960635295073;-44.64363892759434;SP
-22.609993848137492;-44.596955107592066;SP
-22.624199910597326;-44.584017075727445;SP
-22.606961681336486;-44.54602941212755;SP
-22.630205945647845;-44.53100462486344;SP
-22.640135787536508;-44.51072493520752;SP
-22.611356226608507;-44.48023937654597;SP
-22.61596957423643;-44.46487673737147;SP
-22.59870420523481;-44.42979314383848;SP
-22.599098333121503;-44.40582575805223;SP
-22.57349418930528;-44.38239777843461;SP
-22.595469973360537;-44.32009373273945;SP
-22.60641965724136;-44.24560615130275;SP
-22.637298750237107;-44.18427634477746;SP
-22.67825845016722;-44.16136516417089;SP
-22.702107968108123;-44.1738608366083;SP
-22.733738990561847;-44.22704652207926;SP
-22.766958885743918;-44.25758099126966;SP
-22.791384072317044;-44.24018126895038;SP
-22.806259215090677;-44.26131146005582;SP
-22.829018787087307;-44.26760000723448;SP
-22.827836439400073;-44.29608555190657;SP
-22.83995179573867;-44.317420493460986;SP
-22.85835133574551;-44.38119587858688;SP
-22.85049648702318;-44.42305917414154;SP
-22.868837593579997;-44.43329248236205;SP
-22.884967461479107;-44.46692067784693;SP
-22.846356994879386;-44.48437474979477;SP
-22.8515493431276;-44.50527847901856;SP
-22.88805034374832;-44.55517401007239;SP
-22.885341413975027;-44.60714297576766;SP
-22.915125237939264;-44.639246464252835;SP
-22.932519676741606;-44.687223707208204;SP
-22.92996964638195;-44.71361269207205;SP
-22.94700365309609;-44.743502082055386;SP
-22.983313811283267;-44.76484045632196;SP
-22.981875898753685;-44.7918981824551;SP
-23.048780077438494;-44.802208353032995;SP
-23.091458394389292;-44.81884371906233;SP
-23.114846243559214;-44.81061617869358;SP
-23.143740972567798;-44.825481475689514;SP
-23.16268726080841;-44.82441615678016;SP
-23.18469839001864;-44.87474838153247;SP
-23.226594920019465;-44.889320550802665;SP
-23.24983400603452;-44.86946413426233;SP
-23.248467673244477;-44.8562835093764;SP
-23.270588152820892;-44.82803303129924;SP
-23.291621355640928;-44.82469621375918;SP
-23.299106886073844;-44.78742138518868;SP
-23.337749503436726;-44.777749589372036;SP
-23.358886842353854;-44.74146098073959;SP
-23.376743770108817;-44.78030368736523;SP
-23.370100925117583;-44.792371131422556;SP
-23.388708161752163;-44.84112370059819;SP
-23.369811515189213;-44.840040899767644;SP
-23.340455987054042;-44.887507263049656;SP
-23.334201496301887;-44.90806088530155;SP
-23.359487480662665;-44.93922169452554;SP
-23.38088848011921;-44.94743669384826;SP
-23.408352480382632;-45.0069686944496;SP
-23.420921480841628;-45.01195169401541;SP
-23.42019948082134;-45.056171694468105;SP
-23.43500198085667;-45.06667919428935;SP
-23.461204480502317;-45.05415769422217;SP
-23.489574480277952;-45.07226569380663;SP
-23.50274248048106;-45.11763369413961;SP
-23.497842480246163;-45.17168469379351;SP
-23.526538480666318;-45.165238694210245;SP
-23.544352480182795;-45.17248869399799;SP
-23.521481480385944;-45.198632693643845;SP
-23.538108480921608;-45.22540369432494;SP
-23.572824480165536;-45.20903569404203;SP
-23.592089480944708;-45.24072769412771;SP
-23.58629200047534;-45.270936999942535;SP
-23.571665999586173;-45.29626799986818;SP
-23.580008000268947;-45.32147000014038;SP
-23.62361790604143;-45.35720797366895;SP
-23.634164000268356;-45.38720499991075;SP
-23.626349999652632;-45.41014600023766;SP
-23.657185999833985;-45.42807699975367;SP
-23.682223999737687;-45.43077500006615;SP
-23.75323499909581;-45.4123949996295;SP
-23.780089999154086;-45.397015999988355;SP
-23.809761999616512;-45.39876499970495;SP
-23.832239999276453;-45.43086000038869;SP
-23.819127998957867;-45.46464399982062;SP
-23.841139999611187;-45.50328500020254;SP
-23.82045299890666;-45.53354599994782;SP
-23.794584999398182;-45.554977999934636;SP
-23.801087998911896;-45.625528999663516;SP
-23.778445998883683;-45.64167200036246;SP
-23.77806999953077;-45.6886539995823;SP
-23.757986698427317;-45.810766920157164;SP
-23.760358000221515;-45.86932800008708;SP
-23.777851000223393;-45.95096650030365;SP
-23.812503000113338;-46.036557000205335;SP
-23.817134999680434;-46.076292999822044;SP
-23.845648999801483;-46.130485999729046;SP
-23.879766000200675;-46.1409399997811;SP
-23.924676000097293;-46.17942700025583;SP
-23.941131999941774;-46.174832999743046;SP
-23.98974699982415;-46.191084000026535;SP
-23.98541100041723;-46.21640400034431;SP
-24.00081200017354;-46.262524000282326;SP
-24.034842000158108;-46.278114499784294;SP
